id,first_name,last_name,email,shoe_type,shoe_material,shoe_color,price
41874,Kyle,Peck,KylePeck71@gmail.com,ballet flats,faux-leather,black,385.0
31349,Elizabeth,Velazquez,EVelazquez1971@gmail.com,boots,fabric,brown,388.0
43416,Keith,Saunders,KS4047@gmail.com,sandals,leather,navy,346.0
56054,Ryan,Sweeney,RyanSweeney14@outlook.com,sandals,fabric,brown,344.0
77402,Donna,Blankenship,DB3807@gmail.com,stilettos,fabric,brown,289.0
97148,Albert,Dillon,Albert.Dillon@gmail.com,wedges,fabric,brown,266.0
19998,Judith,Hewitt,JudithHewitt98@gmail.com,stilettos,leather,black,395.0
83290,Kayla,Hardin,Kayla.Hardin@gmail.com,stilettos,leather,white,241.0
77867,Steven,Blankenship,Steven.Blankenship@gmail.com,wedges,leather,navy,266.0
54885,Carol,Mclaughlin,CM3415@gmail.com,ballet flats,faux-leather,brown,440.0
35853,Jacob,Juarez,JJuarez1977@outlook.com,ballet flats,leather,red,331.0
35916,Michael,Christensen,Michael.Christensen@gmail.com,ballet flats,faux-leather,red,270.0
39587,Dennis,Vega,Dennis.Vega@gmail.com,ballet flats,faux-leather,brown,91.0
19234,Kathleen,Frost,KFrost1970@gmail.com,clogs,leather,brown,319.0
19733,Deborah,Lara,Deborah.Lara@gmail.com,ballet flats,leather,white,205.0
30871,Abigail,Dillard,ADillard1994@gmail.com,ballet flats,faux-leather,white,278.0
11967,Maria,Whitfield,Maria.Whitfield@gmail.com,wedges,fabric,white,180.0
42371,Gregory,Rose,GRose1983@gmail.com,boots,faux-leather,brown,319.0
35693,Margaret,Tyler,MTyler1974@gmail.com,ballet flats,fabric,brown,481.0
36694,Jessica,Cash,JCash1997@gmail.com,clogs,leather,red,397.0
84933,Jeremy,Holder,JeremyHolder35@gmail.com,wedges,leather,red,347.0
92283,Diana,Burgess,DBurgess1998@gmail.com,wedges,faux-leather,red,324.0
87240,William,Calderon,WilliamCalderon79@gmail.com,clogs,leather,red,439.0
49817,Katherine,Jensen,Katherine.Jensen@gmail.com,boots,fabric,black,171.0
18255,Tiffany,Bradshaw,TB6065@gmail.com,boots,faux-leather,navy,284.0
16026,William,Edwards,WE2364@gmail.com,sandals,leather,white,326.0
39560,Teresa,Valenzuela,TValenzuela1973@gmail.com,clogs,leather,brown,323.0
63898,Amber,Gross,Amber.Gross@gmail.com,stilettos,leather,black,451.0
31777,Kayla,Fox,Kayla.Fox@yahoo.com,sandals,fabric,navy,207.0
42232,Megan,Tyson,MTyson1979@gmail.com,sandals,faux-leather,white,456.0
69370,Vincent,Greer,Vincent.Greer@gmail.com,boots,leather,brown,308.0
62378,Willie,Sharp,WS5572@gmail.com,wedges,fabric,white,161.0
48007,Billy,Dalton,BDalton1987@gmail.com,stilettos,fabric,navy,167.0
27900,Alan,Golden,AG6950@gmail.com,boots,fabric,navy,289.0
85959,Julie,Rosa,JRosa1990@outlook.com,stilettos,leather,brown,481.0
94489,Philip,Carpenter,Philip.Carpenter@gmail.com,boots,faux-leather,red,247.0
24421,Megan,Rhodes,MR1115@gmail.com,boots,fabric,black,100.0
87527,James,Sheppard,James.Sheppard@gmail.com,boots,faux-leather,brown,211.0
87313,Wayne,Small,WSmall1987@gmail.com,stilettos,faux-leather,navy,487.0
18507,Donna,Clay,DC4155@hotmail.com,boots,fabric,navy,478.0
49063,Sara,Michael,SaraMichael67@gmail.com,sandals,fabric,brown,247.0
76091,Joan,Chan,JoanChan88@gmail.com,wedges,faux-leather,red,253.0
50912,Nicole,Morgan,NicoleMorgan51@hotmail.com,boots,faux-leather,black,114.0
26090,Jacob,Callahan,JacobCallahan54@gmail.com,stilettos,leather,black,286.0
65512,Brenda,Jacobson,Brenda.Jacobson@gmail.com,wedges,leather,navy,195.0
15125,Elizabeth,Day,Elizabeth.Day@gmail.com,wedges,fabric,navy,204.0
72787,Patrick,Keller,PatrickKeller42@outlook.com,stilettos,fabric,black,285.0
60684,Anna,Lancaster,Anna.Lancaster@hotmail.com,boots,leather,red,435.0
36015,Richard,Forbes,RForbes1973@gmail.com,wedges,faux-leather,black,289.0
73858,Lisa,Durham,Lisa.Durham@gmail.com,boots,faux-leather,white,339.0
62605,Jennifer,Chang,JC2229@gmail.com,boots,fabric,navy,205.0
54049,Kelly,Montoya,KellyMontoya63@gmail.com,wedges,leather,brown,141.0
13769,Arthur,Casey,AC1888@gmail.com,boots,fabric,navy,230.0
10204,Victoria,Higgins,VictoriaHiggins66@hotmail.com,ballet flats,leather,red,187.0
52786,Ronald,Morton,RM3539@gmail.com,sandals,fabric,navy,286.0
90249,Joan,Rivas,JoanRivas66@gmail.com,clogs,fabric,red,437.0
26448,Stephen,Stevens,StephenStevens66@gmail.com,boots,leather,brown,176.0
74824,Abigail,Johns,Abigail.Johns@gmail.com,wedges,fabric,black,283.0
62812,Jessica,Ortega,Jessica.Ortega@gmail.com,sandals,faux-leather,white,236.0
40484,Walter,Cunningham,Walter.Cunningham@gmail.com,boots,fabric,navy,372.0
66605,Justin,Knight,JKnight1985@gmail.com,clogs,faux-leather,brown,138.0
17784,Louis,Miranda,LouisMiranda65@gmail.com,clogs,leather,black,451.0
84878,Carolyn,O'neil,Carolyn.O'neil@gmail.com,boots,leather,white,227.0
97228,Margaret,Pickett,MP1336@gmail.com,stilettos,faux-leather,brown,351.0
13553,Aaron,Hanson,AH3867@gmail.com,clogs,faux-leather,navy,493.0
91572,Ethan,Hobbs,EH6701@gmail.com,boots,leather,white,193.0
22823,Linda,Russo,LR1703@gmail.com,wedges,faux-leather,navy,406.0
54425,John,Ramos,JRamos1982@gmail.com,clogs,leather,brown,313.0
83346,Rachel,Lowery,Rachel.Lowery@gmail.com,ballet flats,faux-leather,brown,212.0
86546,Lisa,Spence,LSpence1998@gmail.com,wedges,faux-leather,black,115.0
55282,Noah,Knox,Noah.Knox@gmail.com,ballet flats,faux-leather,white,308.0
33364,Andrea,Chang,Andrea.Chang@yahoo.com,ballet flats,faux-leather,white,106.0
61294,Bobby,Watkins,BWatkins1975@outlook.com,sandals,faux-leather,brown,241.0
83961,Stephen,Hogan,SHogan1990@gmail.com,sandals,faux-leather,brown,113.0
56339,Lisa,Mcfadden,LisaMcfadden49@gmail.com,clogs,fabric,black,221.0
68675,Ruth,Owen,RO7614@gmail.com,clogs,leather,white,324.0
68967,Sharon,Franco,SFranco1983@gmail.com,ballet flats,fabric,brown,124.0
42304,Danielle,Hawkins,DH1551@gmail.com,sandals,fabric,navy,122.0
57075,Jesse,Foster,JesseFoster77@gmail.com,clogs,fabric,brown,234.0
97943,David,Fuentes,DFuentes1984@hotmail.com,clogs,fabric,black,242.0
93774,Rebecca,Park,RebeccaPark83@gmail.com,ballet flats,fabric,black,226.0
70164,Ann,Greene,Ann.Greene@gmail.com,stilettos,fabric,red,474.0
24999,Paul,Freeman,PaulFreeman9@gmail.com,sandals,fabric,red,409.0
19127,Philip,Dillard,Philip.Dillard@gmail.com,wedges,faux-leather,red,411.0
67253,Amber,Daugherty,AmberDaugherty60@gmail.com,clogs,faux-leather,red,95.0
55075,Ashley,Rogers,Ashley.Rogers@hotmail.com,wedges,faux-leather,brown,269.0
39447,Denise,Mendoza,DM2227@outlook.com,clogs,faux-leather,brown,93.0
26805,Sean,Richardson,SR5213@gmail.com,sandals,fabric,navy,339.0
35529,Carol,Reilly,CarolReilly18@gmail.com,wedges,fabric,brown,429.0
49703,Paul,Henderson,Paul.Henderson@gmail.com,stilettos,fabric,red,430.0
47183,Cynthia,Duffy,CDuffy1983@gmail.com,clogs,leather,black,451.0
83778,Joe,Perry,JoePerry3@gmail.com,ballet flats,leather,white,196.0
79139,Susan,Cash,SusanCash16@gmail.com,sandals,faux-leather,red,185.0
81591,Theresa,Henderson,THenderson1993@gmail.com,stilettos,leather,white,342.0
21506,Scott,Deleon,Scott.Deleon@gmail.com,stilettos,fabric,black,374.0
77266,Zachary,Gregory,Zachary.Gregory@gmail.com,sandals,leather,red,216.0
67264,Danielle,Merrill,DMerrill1998@gmail.com,wedges,faux-leather,red,461.0
19100,Danielle,Barron,DBarron1982@gmail.com,sandals,leather,white,313.0
26210,Marilyn,Finch,MarilynFinch92@gmail.com,sandals,leather,black,nan